,cleaned_old_request,cleaned_new_request
0,https://fangraphs.com/,https://www.fangraphs.com/
1,https://caribbeancom.com/,https://www.caribbeancom.com/
2,https://bein-live.net/,https://www.yalla-shoot-new.tv/
3,https://c.amazon-adsystem.com/aax2/apstag.js,moz-extension://36d20d7b-d4bf-44b4-8151-124d767848a2/shims/apstag.js
4,http://blogs.fangraphs.com/wp-content/uploads/2022/02/240x240-optimized-dark.jpg,https://blogs.fangraphs.com/wp-content/uploads/2022/02/240x240-optimized-dark.jpg
5,https://wdr.de/,https://www1.wdr.de/index.html
6,https://jelly2games.com/,https://jelly2games.com/en
7,https://gum.criteo.com/sid/json,https://ag.gbc.criteo.com/idsd
8,https://www.google.com/pagead/drt/ui,https://googleads.g.doubleclick.net/pagead/drt/si
9,https://subaruofamerica.demdex.net/event,https://subaruofamerica.demdex.net/firstevent
10,https://t.myvisualiq.net/impression_pixel,https://t.myvisualiq.net/ul_cb/impression_pixel
11,https://ag.gbc.criteo.com/idsd,https://gem.gbc.criteo.com/sid
12,https://whos.amung.us/swidget/heavenv1.png,https://widgets.amung.us/small/13/1360.png
13,https://c.amazon-adsystem.com/aax2/apstag.js,moz-extension://baee4293-6adb-4886-8ab7-d809074b2ff2/shims/apstag.js
14,https://image8.pubmatic.com/AdServer/ImgSync,https://image8.pubmatic.com/AdServer/ImgSync
15,https://sb.scorecardresearch.com/c2/7999785/cs.js,https://sb.scorecardresearch.com/internal-c2/7999785/cs.js
16,https://sync.richaudience.com/bf7c142f4339da0278e83698a02b0854/,https://sync.richaudience.com/bf7c142f4339da0278e83698a02b0854/
17,https://b.t.tailtarget.com/b,https://b.t.tailtarget.com/b
18,https://sync.search.spotxchange.com/partner,https://sync.search.spotxchange.com/partner
19,https://sync.richaudience.com/b3adde1f4bbb31c3485562d6e3ddceb4/,https://sync.richaudience.com/b3adde1f4bbb31c3485562d6e3ddceb4/
20,https://2b3c757d.de.ioam.de/tx.io,https://2b3c757d.de.ioam.de/tx.io
21,https://sync.search.spotxchange.com/partner,https://sync.search.spotxchange.com/partner
22,https://sync.search.spotxchange.com/partner,https://sync.search.spotxchange.com/partner
23,https://sync.richaudience.com/f7872c90c5d3791e2b51f7edce1a0a5d/,https://sync.richaudience.com/bf7c142f4339da0278e83698a02b0854/
24,https://sync.richaudience.com/dcf3528a0b8aa83634892d50e91c306e/,https://sync.richaudience.com/dcf3528a0b8aa83634892d50e91c306e/
25,https://sync.richaudience.com/bf7c142f4339da0278e83698a02b0854/,https://sync.richaudience.com/bf7c142f4339da0278e83698a02b0854/
26,https://onetag-sys.com/match/,https://s.amazon-adsystem.com/ecm3
27,https://onetag-sys.com/match/,https://cm.g.doubleclick.net/pixel
28,https://cm.g.doubleclick.net/pixel,https://cm.g.doubleclick.net/pixel
29,https://cm.g.doubleclick.net/pixel,https://cm.g.doubleclick.net/pixel
30,https://cm.g.doubleclick.net/pixel,https://onetag-sys.com/match/
31,https://cm.g.doubleclick.net/pixel,https://onetag-sys.com/match/
32,https://ssum-sec.casalemedia.com/usermatch,https://ssum-sec.casalemedia.com/usermatch
33,https://ups.analytics.yahoo.com/ups/58488/occ,https://ups.analytics.yahoo.com/ups/58488/occ
34,https://www.d2pass.com/ajax/toolbar,https://login.d2pass.com/n15/
35,https://login.d2pass.com/n15/,https://login.d2pass.com/form/
36,https://www.d2pass.com/ajax/toolbar,https://login.d2pass.com/n15/
37,https://login.d2pass.com/n15/,https://login.d2pass.com/form/
38,https://ap.lijit.com/beacon,https://ap.lijit.com/beacon
39,https://www.d2pass.com/ajax/toolbar,https://login.d2pass.com/n15/
40,https://login.d2pass.com/n15/,https://login.d2pass.com/form/
41,https://ib.adnxs.com/getuid,https://ib.adnxs.com/bounce
42,https://www.d2pass.com/ajax/toolbar,https://login.d2pass.com/n15/
43,https://login.d2pass.com/n15/,https://login.d2pass.com/form/
44,https://ib.adnxs.com/bounce,https://onetag-sys.com/match/
45,https://match.adsrvr.org/track/cmf/generic,https://match.adsrvr.org/track/cmb/generic
46,https://match.adsrvr.org/track/cmf/generic,https://match.adsrvr.org/track/cmb/generic
47,https://sync.mathtag.com/sync/img,https://pixel.tapad.com/idsync/ex/receive
48,https://pixel.tapad.com/idsync/ex/receive,https://pixel.tapad.com/idsync/ex/receive/check
49,https://secure-assets.rubiconproject.com/utils/xapi/multi-sync.html,https://eus.rubiconproject.com/usync.html
50,https://secure.adnxs.com/getuid,https://secure.adnxs.com/bounce
51,https://ssum-sec.casalemedia.com/usermatchredir,https://ssum-sec.casalemedia.com/usermatchredir
52,https://x.bidswitch.net/sync,https://x.bidswitch.net/ul_cb/sync
53,https://secure.adnxs.com/bounce,https://s.seedtag.com/cs/cookiesync/appnexus
54,https://ssc-cms.33across.com/ps/,https://de.tynt.com/deb/
55,https://b1sync.zemanta.com/usersync/seedtag/,https://s.seedtag.com/cs/cookiesync/outbrain
56,https://ups.analytics.yahoo.com/ups/58427/occ,https://ups.analytics.yahoo.com/ups/58427/occ
57,https://ssum-sec.casalemedia.com/usermatchredir,https://s.seedtag.com/cs/cookiesync/indexexchange
58,https://sync.smartadserver.com/getuid,https://sync.smartadserver.com/getuid
59,https://ad.360yield.com/server_match,https://ad.360yield.com/ul_cb/server_match
60,https://de.tynt.com/deb/,https://hde.tynt.com/deb/
61,https://secure.adnxs.com/getuid,https://secure.adnxs.com/bounce
62,https://secure-assets.rubiconproject.com/utils/xapi/multi-sync.html,https://eus.rubiconproject.com/usync.html
63,https://match.adsrvr.org/track/cmf/generic,https://match.adsrvr.org/track/cmb/generic
64,https://secure.adnxs.com/getuid,https://secure.adnxs.com/bounce
65,https://match.adsrvr.org/track/cmf/generic,https://match.adsrvr.org/track/cmb/generic
66,https://ups.analytics.yahoo.com/ups/58488/occ,https://ups.analytics.yahoo.com/ups/58488/occ
67,https://onetag-sys.com/match/,https://cm.g.doubleclick.net/pixel
68,https://onetag-sys.com/match/,https://s.amazon-adsystem.com/ecm3
69,https://b1sync.zemanta.com/usersync/adyoulike/,https://visitor-usa02.omnitagjs.com/visitor/sync
70,https://sync.search.spotxchange.com/partner,https://sync.search.spotxchange.com/partner
71,https://b1sync.zemanta.com/usersync/adyoulike/,https://visitor-usa02.omnitagjs.com/visitor/sync
72,https://sync.mathtag.com/sync/img,https://onetag-sys.com/match/
73,https://secure.adnxs.com/bounce,https://visitor-usa02.omnitagjs.com/visitor/sync
74,https://secure.adnxs.com/bounce,https://visitor-usa02.omnitagjs.com/visitor/sync
75,https://creativecdn.com/cm-notify,https://creativecdn.com/cm-notify
76,https://pixel-eu.rubiconproject.com/exchange/sync.php,https://s.seedtag.com/cs/cookiesync/Rubicon
77,https://secure.adnxs.com/getuid,https://secure.adnxs.com/bounce
78,https://sync.mathtag.com/sync/img,https://rtb-csync.smartadserver.com/redir/
79,https://pixel-eu.rubiconproject.com/exchange/sync.php,https://onetag-sys.com/match/
80,https://c.amazon-adsystem.com/aax2/apstag.js,moz-extension://36d20d7b-d4bf-44b4-8151-124d767848a2/shims/apstag.js
81,https://pixel-eu.rubiconproject.com/exchange/sync.php,https://visitor.omnitagjs.com/visitor/sync
82,https://secure.adnxs.com/bounce,https://rtb-csync.smartadserver.com/redir/
83,https://ib.adnxs.com/getuid,https://ib.adnxs.com/bounce
84,https://gum.criteo.com/sid/json,https://ag.gbc.criteo.com/idsd
85,https://ib.adnxs.com/bounce,https://onetag-sys.com/match/
86,https://sb.scorecardresearch.com/c2/7999785/cs.js,https://sb.scorecardresearch.com/internal-c2/7999785/cs.js
87,https://b.t.tailtarget.com/b,https://b.t.tailtarget.com/b
88,https://vtrk.doubleverify.com/,https://tpsc-video-uw.doubleverify.com/visit.jpg
89,https://vtrk.doubleverify.com/,https://tpsc-video-uw.doubleverify.com/visit.jpg
90,https://ssc-cms.33across.com/ps/,https://de.tynt.com/deb/
91,https://ssc-cms.33across.com/ps/,https://de.tynt.com/deb/
92,https://ssc-cms.33across.com/ps/,https://de.tynt.com/deb/
93,https://ssc-cms.33across.com/ps/,https://de.tynt.com/deb/
94,https://ssc-cms.33across.com/ps/,https://de.tynt.com/deb/
95,https://ssum-sec.casalemedia.com/usermatch,https://ssum-sec.casalemedia.com/usermatch
96,https://ssum-sec.casalemedia.com/usermatch,https://ssum-sec.casalemedia.com/usermatch
97,https://ssum-sec.casalemedia.com/usermatch,https://ssum-sec.casalemedia.com/usermatch
98,https://ssum-sec.casalemedia.com/usermatch,https://ssum-sec.casalemedia.com/usermatch
99,https://ssum-sec.casalemedia.com/usermatch,https://ssum-sec.casalemedia.com/usermatch
100,https://ib.adnxs.com/async_usersync,https://ib.adnxs.com/bounce
101,https://ib.adnxs.com/async_usersync,https://ib.adnxs.com/bounce
102,https://de.tynt.com/deb/,https://de.tynt.com/deb/
103,https://de.tynt.com/deb/,https://de.tynt.com/deb/
104,https://de.tynt.com/deb/,https://de.tynt.com/deb/
105,https://de.tynt.com/deb/,https://de.tynt.com/deb/
106,https://ib.adnxs.com/async_usersync,https://ib.adnxs.com/bounce
107,https://de.tynt.com/deb/,https://de.tynt.com/deb/
108,https://ib.adnxs.com/async_usersync,https://ib.adnxs.com/bounce
109,https://ib.adnxs.com/async_usersync,https://ib.adnxs.com/bounce
110,https://www.d2pass.com/ajax/toolbar,https://login.d2pass.com/n15/
111,https://login.d2pass.com/n15/,https://login.d2pass.com/form/
112,https://secure-assets.rubiconproject.com/utils/xapi/multi-sync.html,https://eus.rubiconproject.com/usync.html
113,https://ssum-sec.casalemedia.com/usermatchredir,https://ssum-sec.casalemedia.com/usermatchredir
114,https://secure.adnxs.com/getuid,https://secure.adnxs.com/bounce
115,https://match.adsrvr.org/track/cmf/generic,https://match.adsrvr.org/track/cmb/generic
116,https://sync.search.spotxchange.com/partner,https://sync.search.spotxchange.com/partner
117,https://sync.search.spotxchange.com/partner,https://sync.search.spotxchange.com/partner
118,https://ups.analytics.yahoo.com/ups/58427/occ,https://ups.analytics.yahoo.com/ups/58427/occ
119,https://b1sync.zemanta.com/usersync/seedtag/,https://s.seedtag.com/cs/cookiesync/outbrain
120,https://ssc-cms.33across.com/ps/,https://de.tynt.com/deb/
121,https://sync.smartadserver.com/getuid,https://sync.smartadserver.com/getuid
122,https://ad.360yield.com/server_match,https://ad.360yield.com/ul_cb/server_match
123,https://secure.adnxs.com/bounce,https://s.seedtag.com/cs/cookiesync/appnexus
124,https://ssum-sec.casalemedia.com/usermatchredir,https://s.seedtag.com/cs/cookiesync/indexexchange
125,https://de.tynt.com/deb/,https://hde.tynt.com/deb/
126,https://sync.richaudience.com/f7872c90c5d3791e2b51f7edce1a0a5d/,https://sync.richaudience.com/bf7c142f4339da0278e83698a02b0854/
127,https://sync.richaudience.com/dcf3528a0b8aa83634892d50e91c306e/,https://sync.richaudience.com/dcf3528a0b8aa83634892d50e91c306e/
128,https://secure-assets.rubiconproject.com/utils/xapi/multi-sync.html,https://eus.rubiconproject.com/usync.html
129,https://secure.adnxs.com/getuid,https://secure.adnxs.com/bounce
130,https://secure.adnxs.com/getuid,https://secure.adnxs.com/bounce
131,https://match.adsrvr.org/track/cmf/generic,https://match.adsrvr.org/track/cmb/generic
132,https://sync.search.spotxchange.com/partner,https://sync.search.spotxchange.com/partner
133,https://b1sync.zemanta.com/usersync/adyoulike/,https://visitor-usa02.omnitagjs.com/visitor/sync
134,https://ps.eyeota.net/pixel,https://ps.eyeota.net/pixel/bounce/
135,https://ib.adnxs.com/async_usersync,https://ib.adnxs.com/bounce
136,https://ib.adnxs.com/async_usersync,https://ib.adnxs.com/bounce
137,https://ps.eyeota.net/pixel,https://ps.eyeota.net/pixel/bounce/
138,https://ps.eyeota.net/pixel,https://ps.eyeota.net/pixel/bounce/
139,https://ib.adnxs.com/async_usersync,https://ib.adnxs.com/bounce
140,https://ib.adnxs.com/async_usersync,https://ib.adnxs.com/bounce
141,https://ib.adnxs.com/async_usersync,https://ib.adnxs.com/bounce
142,https://ps.eyeota.net/pixel,https://ps.eyeota.net/pixel/bounce/
143,https://ps.eyeota.net/pixel,https://ps.eyeota.net/pixel/bounce/
144,https://b1sync.zemanta.com/usersync/adyoulike/,https://visitor-usa02.omnitagjs.com/visitor/sync
145,https://secure.adnxs.com/bounce,https://visitor-usa02.omnitagjs.com/visitor/sync
146,https://secure.adnxs.com/bounce,https://visitor-usa02.omnitagjs.com/visitor/sync
147,https://creativecdn.com/cm-notify,https://creativecdn.com/cm-notify
148,https://pixel-eu.rubiconproject.com/exchange/sync.php,https://s.seedtag.com/cs/cookiesync/Rubicon
149,https://sync.richaudience.com/bf7c142f4339da0278e83698a02b0854/,https://sync.richaudience.com/bf7c142f4339da0278e83698a02b0854/
150,https://sync.srv.stackadapt.com/sync,https://visitor.omnitagjs.com/visitor/sync
151,https://sync.srv.stackadapt.com/sync,https://visitor.omnitagjs.com/visitor/sync
152,https://pixel-eu.rubiconproject.com/exchange/sync.php,https://visitor.omnitagjs.com/visitor/sync
153,http://www.wdr.de/verkehrslage/,https://www1.wdr.de/verkehr/nrw/verkehrslage/index.html
154,https://whos.amung.us/swidget/heavenv1.png,https://widgets.amung.us/small/14/1420.png
155,"https://gcdn.2mdn.net/videoplayback/id/8f1dcadcc9ed360f/itag/44/source/doubleclick_dmm/ctier/L/acao/yes/ip/0.0.0.0/ipbits/0/expire/3762241977/sparams/id,itag,source,ctier,acao,ip,ipbits,expire/signature/49833C0EEA9D8C33E080B3FA4BC55E1FC6964115.3A8D6068327FF9594AE80E8C7BE9E608F7AE73DD/key/ck2/file/file.webm","https://r2---sn-a5mlrn7y.c.2mdn.net/videoplayback/id/8f1dcadcc9ed360f/itag/44/source/doubleclick_dmm/ctier/L/acao/yes/ip/0.0.0.0/ipbits/0/expire/3762241977/sparams/acao,ctier,expire,id,ip,ipbits,itag,mh,mip,mm,mn,ms,mv,mvi,pl,source/signature/50C5FEC08CC2B45CA1A288CF7737EA1C89803C33.42DD44DC775EB7BC82808EFDD6865AC819763AB2/key/cms1/cms_redirect/yes/mh/04/mip/169.237.7.209/mm/42/mn/sn-a5mlrn7y/ms/onc/mt/1652900288/mv/u/mvi/2/pl/24/file/file.webm"
156,https://googleads.g.doubleclick.net/pagead/id,https://googleads.g.doubleclick.net/pagead/id
157,https://googleads.g.doubleclick.net/pagead/id,https://googleads.g.doubleclick.net/pagead/id
158,"https://gcdn.2mdn.net/videoplayback/id/f2dd0d48f0e45066/itag/44/source/doubleclick_dmm/ctier/L/acao/yes/ip/0.0.0.0/ipbits/0/expire/3762242025/sparams/id,itag,source,ctier,acao,ip,ipbits,expire/signature/A3E03988831E8AE27CBECCF1EF4E0AEC99714468.C91D83D5802DB6DA21EF4BC62890D35221D5A05/key/ck2/file/file.webm","https://r5---sn-a5msen76.c.2mdn.net/videoplayback/id/f2dd0d48f0e45066/itag/44/source/doubleclick_dmm/ctier/L/acao/yes/ip/0.0.0.0/ipbits/0/expire/3762242025/sparams/acao,ctier,expire,id,ip,ipbits,itag,mh,mip,mm,mn,ms,mv,mvi,pl,source/signature/4E334B7F12139D919770E38030D1220ABB5E81C7.453D87C8F5491EA19AC978FBD548E3DECA74B511/key/cms1/cms_redirect/yes/mh/eH/mip/169.237.7.209/mm/42/mn/sn-a5msen76/ms/onc/mt/1652900288/mv/u/mvi/5/pl/24/file/file.webm"
159,https://2b3c757d.de.ioam.de/tx.io,https://2b3c757d.de.ioam.de/tx.io
160,https://prebid-match.dotomi.com/match/bounce/current,https://prebid-match.dotomi.com/match/bounce/current
161,https://whos.amung.us/swidget/heavenv1.png,https://widgets.amung.us/small/13/1399.png
162,https://match.adsrvr.org/track/cmf/generic,https://match.adsrvr.org/track/cmb/generic
163,https://x.bidswitch.net/sync,https://x.bidswitch.net/ul_cb/sync
164,https://match.adsrvr.org/track/cmf/generic,https://match.adsrvr.org/track/cmb/generic
165,https://sync.mathtag.com/sync/img,https://onetag-sys.com/match/
166,https://sync.mathtag.com/sync/img,https://sync.go.sonobi.com/us.gif
167,https://dmp.adform.net/serving/cookie/match,https://dmp.adform.net/serving/cookie/match
168,https://eb2.3lift.com/sync,https://eb2.3lift.com/sync
169,https://bh.contextweb.com/bh/rtset,https://cm.g.doubleclick.net/pixel
170,https://pixel-eu.rubiconproject.com/exchange/sync.php,https://onetag-sys.com/match/
171,https://demand.trafficroots.com/sync.php,https://rtb-csync.smartadserver.com/redir/
172,https://p.rfihub.com/cm,https://sync.go.sonobi.com/us.gif
173,https://cm.g.doubleclick.net/pixel,https://cm.g.doubleclick.net/pixel
174,https://gu.dyntrk.com/adx/sma/us.php,https://gu.dyntrk.com/adx/sma/us.php
175,https://rtb-csync.smartadserver.com/redir/,https://cm.g.doubleclick.net/pixel
176,https://gu.dyntrk.com/adx/sma/us.php,https://rtb-csync.smartadserver.com/redir/
177,https://cm.g.doubleclick.net/pixel,https://cm.g.doubleclick.net/pixel
178,https://cm.g.doubleclick.net/pixel,https://ssbsync.smartadserver.com/api/sync
179,https://ssbsync.smartadserver.com/api/sync,https://cm.g.doubleclick.net/pixel
180,http://blogs.fangraphs.com/wp-content/uploads/2022/02/240x240-optimized-dark.jpg,https://blogs.fangraphs.com/wp-content/uploads/2022/02/240x240-optimized-dark.jpg
181,https://cm.g.doubleclick.net/pixel,https://ssbsync.smartadserver.com/api/sync
182,https://ssbsync.smartadserver.com/api/sync,https://cm.g.doubleclick.net/pixel
183,https://cm.g.doubleclick.net/pixel,https://ssbsync.smartadserver.com/api/sync
184,https://ssbsync.smartadserver.com/api/sync,https://cm.g.doubleclick.net/pixel
185,https://c.amazon-adsystem.com/aax2/apstag.js,moz-extension://baee4293-6adb-4886-8ab7-d809074b2ff2/shims/apstag.js
186,https://cm.g.doubleclick.net/pixel,https://ssbsync.smartadserver.com/api/sync
187,https://ssbsync.smartadserver.com/api/sync,https://cm.g.doubleclick.net/pixel
188,https://cm.g.doubleclick.net/pixel,https://ssbsync.smartadserver.com/api/sync
189,https://ssbsync.smartadserver.com/api/sync,https://cm.g.doubleclick.net/pixel
190,https://top10.com/,https://www.top10.com/
191,https://cm.g.doubleclick.net/pixel,https://ssbsync.smartadserver.com/api/sync
192,https://ssbsync.smartadserver.com/api/sync,https://cm.g.doubleclick.net/pixel
193,https://cm.g.doubleclick.net/pixel,https://ssbsync.smartadserver.com/api/sync
194,https://ssbsync.smartadserver.com/api/sync,https://cm.g.doubleclick.net/pixel
195,https://cm.g.doubleclick.net/pixel,https://ssbsync.smartadserver.com/api/sync
196,https://ssbsync.smartadserver.com/api/sync,https://cm.g.doubleclick.net/pixel
197,https://cm.g.doubleclick.net/pixel,https://ssbsync.smartadserver.com/api/sync
198,https://ssbsync.smartadserver.com/api/sync,https://cm.g.doubleclick.net/pixel
199,https://ssum-sec.casalemedia.com/usermatch,https://ssum-sec.casalemedia.com/usermatch
200,https://eb2.3lift.com/sync,https://eb2.3lift.com/sync
201,https://fw.adsafeprotected.com/rfw/st/1041279/63101462/4.js,https://static.adsafeprotected.com/4a.js
202,https://nishikawa1566.com/,https://www.nishikawa1566.com/
203,https://firstcry.com/,http://www.firstcry.com/
204,http://www.firstcry.com/,https://www.firstcry.com/
205,https://ad.doubleclick.net/activity;src=8277681;type=invmedia;cat=pzsaasdu;ord=2127980129559;gtm=2wg5g0;auiddc=1573637301.1652901489;u1=undefined;u2=undefined;u3=1;u4=0;u5=0,https://adservice.google.com/ddm/fls/p/src=8277681;type=invmedia;cat=pzsaasdu;ord=2127980129559;gtm=2wg5g0;auiddc=1573637301.1652901489;u1=undefined;u2=undefined;u3=1;u4=0;u5=0;~oref=https://www.nishikawa1566.com/
206,https://penta.a.one.impact-ad.jp/combo,https://penta.a.one.impact-ad.jp/ul_cb/combo
207,https://penta.a.one.impact-ad.jp/combo,https://penta.a.one.impact-ad.jp/ul_cb/combo
208,https://isimkayit.com/,https://www.isimkayit.com/
209,https://mc.yandex.com/watch/41328059,https://mc.yandex.com/watch/41328059/1
210,https://px.ads.linkedin.com/collect,https://px.ads.linkedin.com/collect
211,https://tpc.googlesyndication.com/pageadimg/imgad,https://tpc.googlesyndication.com/simgad/10124421203004885384
212,https://www.google.com/pagead/drt/ui,https://googleads.g.doubleclick.net/pagead/drt/si
213,https://tpc.googlesyndication.com/pageadimg/imgad,https://tpc.googlesyndication.com/simgad/10124421203004885384
214,https://www.google.com/pagead/drt/ui,https://googleads.g.doubleclick.net/pagead/drt/si
215,https://tpc.googlesyndication.com/pageadimg/imgad,https://tpc.googlesyndication.com/simgad/10124421203004885384
216,https://www.google.com/pagead/drt/ui,https://googleads.g.doubleclick.net/pagead/drt/si
217,https://www.google.com/pagead/drt/ui,https://googleads.g.doubleclick.net/pagead/drt/si
218,https://www.google.com/pagead/drt/ui,https://googleads.g.doubleclick.net/pagead/drt/si
219,https://googleads.g.doubleclick.net/pagead/id,https://googleads.g.doubleclick.net/pagead/id
220,https://pixel-sync.sitescout.com/dmp/pixelSync,https://pixel-sync.sitescout.com/dmp/pixelSync
221,https://sync-tm.everesttech.net/upi/pid/42ypLGPB,https://sync-tm.everesttech.net/ct/upi/pid/42ypLGPB
222,https://x.bidswitch.net/sync,https://x.bidswitch.net/ul_cb/sync
223,https://match.adsrvr.org/track/cmf/generic,https://match.adsrvr.org/track/cmb/generic
224,https://googleads.g.doubleclick.net/pagead/id,https://googleads.g.doubleclick.net/pagead/id
225,https://mc.yandex.com/watch/41328059,https://mc.yandex.com/watch/41328059/1
226,https://ad.doubleclick.net/activity;src=8277681;type=invmedia;cat=pzsaasdu;ord=2781414193695;gtm=2wg5g0;auiddc=1573637301.1652901489;u1=undefined;u2=undefined;u3=2;u4=0;u5=0,https://adservice.google.com/ddm/fls/p/src=8277681;type=invmedia;cat=pzsaasdu;ord=2781414193695;gtm=2wg5g0;auiddc=1573637301.1652901489;u1=undefined;u2=undefined;u3=2;u4=0;u5=0;~oref=https://www.nishikawa1566.com/
227,https://penta.a.one.impact-ad.jp/combo,https://penta.a.one.impact-ad.jp/ul_cb/combo
228,https://penta.a.one.impact-ad.jp/combo,https://penta.a.one.impact-ad.jp/ul_cb/combo
229,https://mc.yandex.com/watch/41328059,https://mc.yandex.com/watch/41328059/1
230,https://mc.yandex.com/watch/41328059,https://mc.yandex.com/watch/41328059/1
231,https://mc.yandex.com/watch/41328059,https://mc.yandex.com/watch/41328059/1
232,https://mc.yandex.com/watch/41328059,https://mc.yandex.com/watch/41328059/1
233,https://penta.a.one.impact-ad.jp/combo,https://penta.a.one.impact-ad.jp/ul_cb/combo
234,https://penta.a.one.impact-ad.jp/combo,https://penta.a.one.impact-ad.jp/ul_cb/combo
235,https://ad.doubleclick.net/activity;src=8277681;type=invmedia;cat=pzsaasdu;ord=2060964340500;gtm=2wg5g0;auiddc=1573637301.1652901489;u1=undefined;u2=undefined;u3=3;u4=0;u5=0,https://adservice.google.com/ddm/fls/p/src=8277681;type=invmedia;cat=pzsaasdu;ord=2060964340500;gtm=2wg5g0;auiddc=1573637301.1652901489;u1=undefined;u2=undefined;u3=3;u4=0;u5=0;~oref=https://www.nishikawa1566.com/
236,https://ad.doubleclick.net/activity;src=8277681;type=invmedia;cat=pzsaasdu;ord=8757685873562;gtm=2wg5g0;auiddc=1573637301.1652901489;u1=undefined;u2=undefined;u3=4;u4=0;u5=0,https://adservice.google.com/ddm/fls/p/src=8277681;type=invmedia;cat=pzsaasdu;ord=8757685873562;gtm=2wg5g0;auiddc=1573637301.1652901489;u1=undefined;u2=undefined;u3=4;u4=0;u5=0;~oref=https://www.nishikawa1566.com/
237,https://penta.a.one.impact-ad.jp/combo,https://penta.a.one.impact-ad.jp/ul_cb/combo
238,https://penta.a.one.impact-ad.jp/combo,https://penta.a.one.impact-ad.jp/ul_cb/combo
239,https://edmexico.net/,https://edmexico.net/es/
240,https://x.bidswitch.net/sync,https://x.bidswitch.net/ul_cb/sync
241,https://match.adsrvr.org/track/cmf/generic,https://match.adsrvr.org/track/cmb/generic
242,https://pixel-sync.sitescout.com/dmp/pixelSync,https://pixel-sync.sitescout.com/dmp/pixelSync
243,https://www.google.com/pagead/drt/ui,https://googleads.g.doubleclick.net/pagead/drt/si
244,https://penta.a.one.impact-ad.jp/combo,https://penta.a.one.impact-ad.jp/ul_cb/combo
245,https://penta.a.one.impact-ad.jp/combo,https://penta.a.one.impact-ad.jp/ul_cb/combo
246,https://ad.doubleclick.net/activity;src=8277681;type=invmedia;cat=pzsaasdu;ord=8989693532391;gtm=2wg5g0;auiddc=1573637301.1652901489;u1=undefined;u2=undefined;u3=5;u4=0;u5=0,https://adservice.google.com/ddm/fls/p/src=8277681;type=invmedia;cat=pzsaasdu;ord=8989693532391;gtm=2wg5g0;auiddc=1573637301.1652901489;u1=undefined;u2=undefined;u3=5;u4=0;u5=0;~oref=https://www.nishikawa1566.com/
247,https://ad.doubleclick.net/activity;src=8277681;type=invmedia;cat=pzsaasdu;ord=3015769891049;gtm=2wg5g0;auiddc=1573637301.1652901489;u1=undefined;u2=undefined;u3=6;u4=0;u5=0,https://adservice.google.com/ddm/fls/p/src=8277681;type=invmedia;cat=pzsaasdu;ord=3015769891049;gtm=2wg5g0;auiddc=1573637301.1652901489;u1=undefined;u2=undefined;u3=6;u4=0;u5=0;~oref=https://www.nishikawa1566.com/
248,https://penta.a.one.impact-ad.jp/combo,https://penta.a.one.impact-ad.jp/ul_cb/combo
249,https://penta.a.one.impact-ad.jp/combo,https://penta.a.one.impact-ad.jp/ul_cb/combo
250,https://sync-tm.everesttech.net/upi/pid/42ypLGPB,https://sync-tm.everesttech.net/ct/upi/pid/42ypLGPB
251,https://sslwidget.criteo.com/event,https://widget.as.criteo.com/event
252,https://ib.adnxs.com/seg,https://ib.adnxs.com/bounce
253,https://secure.adnxs.com/seg,https://secure.adnxs.com/bounce
254,https://x.bidswitch.net/sync,https://x.bidswitch.net/ul_cb/sync
255,https://cm.g.doubleclick.net/pixel,https://cm.g.doubleclick.net/pixel
256,https://ups.analytics.yahoo.com/ups/58301/sync,https://ups.analytics.yahoo.com/ups/58301/sync
257,https://ib.adnxs.com/bounce,https://ib.adnxs.com/getuid
258,https://secure.adnxs.com/bounce,https://ib.adnxs.com/getuid
259,https://ib.adnxs.com/getuid,https://ib.adnxs.com/bounce
260,https://cm.g.doubleclick.net/pixel,https://dis.criteo.com/dis/rtb/google/cookiematch.aspx
261,https://ib.adnxs.com/getuid,https://ib.adnxs.com/bounce
262,https://ib.adnxs.com/bounce,https://dis.criteo.com/dis/rtb/appnexus/cookiematch.aspx
263,https://ib.adnxs.com/bounce,https://dis.criteo.com/dis/rtb/appnexus/cookiematch.aspx
264,https://edmexico.net/es/iniciar-sesion,https://edmexico.net/es/iniciar-sesion/login
265,https://builders.co.za/,https://www.builders.co.za/
266,https://rosdistant.ru/,https://www.rosdistant.ru/
267,https://edmexico.net/index.php,https://edmexico.net/es/
268,https://edmexico.net/index.php,https://edmexico.net/es/
269,https://gochoice.com.tw/,https://www.gochoice.com.tw/
270,https://aallnet.org/,https://www.aallnet.org/
271,https://googleads.g.doubleclick.net/pagead/id,https://googleads.g.doubleclick.net/pagead/id
272,https://googleads.g.doubleclick.net/pagead/id,https://googleads.g.doubleclick.net/pagead/id
273,https://googleads.g.doubleclick.net/pagead/id,https://googleads.g.doubleclick.net/pagead/id
274,https://googleads.g.doubleclick.net/pagead/id,https://googleads.g.doubleclick.net/pagead/id
275,https://googleads.g.doubleclick.net/pagead/id,https://googleads.g.doubleclick.net/pagead/id
276,https://googleads.g.doubleclick.net/pagead/id,https://googleads.g.doubleclick.net/pagead/id
277,https://mc.yandex.com/watch/30044669,https://mc.yandex.com/watch/30044669/1
278,https://googleads.g.doubleclick.net/pagead/id,https://googleads.g.doubleclick.net/pagead/id
279,https://googleads.g.doubleclick.net/pagead/id,https://googleads.g.doubleclick.net/pagead/id
280,https://googleads.g.doubleclick.net/pagead/id,https://googleads.g.doubleclick.net/pagead/id
281,https://googleads.g.doubleclick.net/pagead/id,https://googleads.g.doubleclick.net/pagead/id
282,https://googleads.g.doubleclick.net/pagead/id,https://googleads.g.doubleclick.net/pagead/id
283,https://googleads.g.doubleclick.net/pagead/id,https://googleads.g.doubleclick.net/pagead/id
284,https://dollsclub.de/,https://www.dollsclub.de/
285,https://mc.yandex.com/watch/30044669,https://mc.yandex.com/watch/30044669/1
286,https://mc.yandex.com/watch/30044669,https://mc.yandex.com/watch/30044669/1
287,http://shure.com/,https://www.shure.com/
288,https://www.shure.com/,https://www.shure.com/en-US
289,https://lesaffaires.com/,http://www.lesaffaires.com/
290,http://www.lesaffaires.com/,https://www.lesaffaires.com/
291,https://nycourts.gov/attorneys/,http://ww2.nycourts.gov/attorneys/
292,https://px.ads.linkedin.com/collect,https://px.ads.linkedin.com/collect
293,http://ww2.nycourts.gov/attorneys/,http://ww2.nycourts.gov/attorneys
294,https://ssl.google-analytics.com/r/__utm.gif,https://stats.g.doubleclick.net/r/collect
295,https://stats.g.doubleclick.net/r/collect,https://www.google.com/ads/ga-audiences
296,https://mc.yandex.com/watch/30044669,https://mc.yandex.com/watch/30044669/1
297,https://secure-assets.rubiconproject.com/utils/xapi/multi-sync.html,https://eus.rubiconproject.com/usync.html
298,https://sync.smartadserver.com/getuid,https://sync.smartadserver.com/getuid
299,https://mc.yandex.com/watch/30044669,https://mc.yandex.com/watch/30044669/1
300,https://mc.yandex.com/watch/30044669,https://mc.yandex.com/watch/30044669/1
301,https://scm.publishers.tremorhub.com/pubsync,https://scm.publishers.tremorhub.com/pubsync/verify
302,https://pixel-us-west.rubiconproject.com/exchange/sync.php,https://sb.freeskreen.com/um
303,https://scm.publishers.tremorhub.com/pubsync/verify,https://sb.freeskreen.com/um
304,https://myalcon.com/,https://www.myalcon.com/
305,https://unpkg.com/simplebar@latest/dist/simplebar.css,https://unpkg.com/simplebar@5.3.6/dist/simplebar.css
306,https://unpkg.com/simplebar@latest/dist/simplebar.min.js,https://unpkg.com/simplebar@5.3.6/dist/simplebar.min.js
307,https://securepubads.g.doubleclick.net/pcs/view,https://ad.doubleclick.net/dot.gif
308,https://tpc.googlesyndication.com/pagead/imgad,https://tpc.googlesyndication.com/simgad/3873126184291343850
309,https://tpc.googlesyndication.com/pagead/imgad,https://tpc.googlesyndication.com/simgad/7114403823016624501
310,https://carlcare.com/,https://www.carlcare.com/
311,https://topproducer8i.com/,https://topproducer8i.com/17.0000.02.04/Default.aspx
312,https://topproducer8i.com/17.0000.02.04/Default.aspx,https://topproducer8i.com/17.0000.02.04/Login/Login.aspx
313,https://apis.google.com/u/0/se/0/_/+1/fastbutton,http://developers.google.com/
314,https://px.ads.linkedin.com/collect,https://px.ads.linkedin.com/collect
315,https://secure-assets.rubiconproject.com/utils/xapi/multi-sync.html,https://eus.rubiconproject.com/usync.html
316,https://scm.publishers.tremorhub.com/pubsync,https://scm.publishers.tremorhub.com/pubsync/verify
317,https://sync.smartadserver.com/getuid,https://sync.smartadserver.com/getuid
318,https://scm.publishers.tremorhub.com/pubsync/verify,https://sb.freeskreen.com/um
319,https://pixel-us-west.rubiconproject.com/exchange/sync.php,https://sb.freeskreen.com/um
320,https://pfrf.ru/,https://pfr.gov.ru/
321,https://unpkg.com/simplebar@latest/dist/simplebar.css,https://unpkg.com/simplebar@5.3.6/dist/simplebar.css
322,https://unpkg.com/simplebar@latest/dist/simplebar.min.js,https://unpkg.com/simplebar@5.3.6/dist/simplebar.min.js
323,https://px.ads.linkedin.com/collect,https://px.ads.linkedin.com/collect
324,https://tr.snapchat.com/cm/s,https://pixel.tapad.com/idsync/ex/push
325,https://pixel.tapad.com/idsync/ex/push,https://pixel.tapad.com/idsync/ex/push/check
326,https://pixel.tapad.com/idsync/ex/push/check,https://tr.snapchat.com/cm/p
327,https://www.myalcon.com/professional/,https://professional.myalcon.com/
328,https://unpkg.com/simplebar@latest/dist/simplebar.css,https://unpkg.com/simplebar@5.3.6/dist/simplebar.css
329,https://unpkg.com/simplebar@latest/dist/simplebar.min.js,https://unpkg.com/simplebar@5.3.6/dist/simplebar.min.js
330,https://d5.ca.bb.a0.top.mail.ru/counter,https://top-fwz1.mail.ru/counter
331,https://mc.yandex.com/watch/71212072,https://mc.yandex.com/watch/71212072/1
332,https://top-fwz1.mail.ru/counter,https://top-fwz1.mail.ru/counter2
333,https://unpkg.com/simplebar@latest/dist/simplebar.css,https://unpkg.com/simplebar@5.3.6/dist/simplebar.css
334,https://unpkg.com/simplebar@latest/dist/simplebar.min.js,https://unpkg.com/simplebar@5.3.6/dist/simplebar.min.js
335,https://px.ads.linkedin.com/collect,https://px.ads.linkedin.com/collect
336,https://intelector.net/,https://www.grupointelector.com/
337,https://unpkg.com/simplebar@latest/dist/simplebar.css,https://unpkg.com/simplebar@5.3.6/dist/simplebar.css
338,https://topproducer8i.com/17.0000.02.04/Login/ForgotPassword.aspx,https://crm.topproducer.com/reset-password
339,https://unpkg.com/simplebar@latest/dist/simplebar.min.js,https://unpkg.com/simplebar@5.3.6/dist/simplebar.min.js
340,https://unpkg.com/simplebar@latest/dist/simplebar.css,https://unpkg.com/simplebar@5.3.6/dist/simplebar.css
341,https://unpkg.com/simplebar@latest/dist/simplebar.min.js,https://unpkg.com/simplebar@5.3.6/dist/simplebar.min.js
342,https://px.ads.linkedin.com/collect,https://px.ads.linkedin.com/collect
343,https://www.carlcare.com/global/news-detail/carlcare-life-with-phone,https://www.carlcare.com/global/news-detail/carlcare-life-with-phone/
344,https://unpkg.com/simplebar@latest/dist/simplebar.css,https://unpkg.com/simplebar@5.3.6/dist/simplebar.css
345,https://unpkg.com/simplebar@latest/dist/simplebar.min.js,https://unpkg.com/simplebar@5.3.6/dist/simplebar.min.js
346,https://www.carlcare.com/global/phone-repair,https://www.carlcare.com/global/phone-repair/
347,https://s.adroll.com/j/exp/J4LLIIDBFZECFI7J6ULHC4/index.js,https://s.adroll.com/j/exp/index.js
348,https://s.adroll.com/j/pre/J4LLIIDBFZECFI7J6ULHC4/DI4TR53WPZCEBFU74R4QHO/fpconsent.js,https://s.adroll.com/j/pre/index.js
349,https://d.adroll.com/pixel/J4LLIIDBFZECFI7J6ULHC4/DI4TR53WPZCEBFU74R4QHO,https://s.adroll.com/pixel/J4LLIIDBFZECFI7J6ULHC4/DI4TR53WPZCEBFU74R4QHO/FKP7D4MBXNBBNFH5GL2IHS.js
350,https://mc.yandex.com/watch/71212072,https://mc.yandex.com/watch/71212072/1
351,http://ilsanghabo.com/,https://ilsanghabo.com/
352,http://indiefolio.com/,https://indiefolio.com/
353,https://s.adroll.com/j/pre/J4LLIIDBFZECFI7J6ULHC4/DI4TR53WPZCEBFU74R4QHO/fpconsent.js,https://s.adroll.com/j/pre/index.js
354,https://indiefolio.com/,https://www.indiefolio.com/
355,https://s.adroll.com/j/exp/J4LLIIDBFZECFI7J6ULHC4/index.js,https://s.adroll.com/j/exp/index.js
356,https://closerweekly.com/,https://www.closerweekly.com/
357,https://d.adroll.com/pixel/J4LLIIDBFZECFI7J6ULHC4/DI4TR53WPZCEBFU74R4QHO,https://s.adroll.com/pixel/J4LLIIDBFZECFI7J6ULHC4/DI4TR53WPZCEBFU74R4QHO/FKP7D4MBXNBBNFH5GL2IHS.js
358,https://sb.scorecardresearch.com/c2/6036076/cs.js,https://sb.scorecardresearch.com/internal-c2/default/cs.js
359,https://c.amazon-adsystem.com/aax2/apstag.js,moz-extension://07e31ad7-56f5-4107-bf23-d27d6310a87d/shims/apstag.js
360,https://px.ads.linkedin.com/collect,https://px.ads.linkedin.com/collect
361,https://sslwidget.criteo.com/event,https://sslwidget.criteo.com/event
362,https://sslwidget.criteo.com/event,https://widget.as.criteo.com/event
363,https://pixel.tapad.com/idsync/ex/receive,https://pixel.tapad.com/idsync/ex/receive/check
364,https://ajax.googleapis.com/ajax/libs/jqueryui/1.7.1/themes/base/jquery-ui.css,https://ajax.googleapis.com/ajax/libs/jqueryui/1.7.1/themes/base/jquery-ui.css
365,https://file.cafe24cos.com/instagram-widget/v2/js/slider/pub-jQueryUI.js,https://file.cafe24cos.com/instagram-widget/v2/js/slider/pub-jQueryUI.js
366,https://instagram-widget.wehost24.com/front/get/widget/data,https://instagram-widget.wehost24.com/front/get/widget/data
367,https://cm.g.doubleclick.net/pixel,https://cm.g.doubleclick.net/pixel
368,https://r.casalemedia.com/rum,https://r.casalemedia.com/rum
369,https://secure.adnxs.com/seg,https://secure.adnxs.com/bounce
370,https://ib.adnxs.com/seg,https://ib.adnxs.com/bounce
371,https://s.ad.smaato.net/c/,https://s.ad.smaato.net/c/
372,https://ups.analytics.yahoo.com/ups/58301/sync,https://ups.analytics.yahoo.com/ups/58301/sync
373,https://x.bidswitch.net/sync,https://x.bidswitch.net/ul_cb/sync
374,https://eb2.3lift.com/xuid,https://eb2.3lift.com/xuid
375,https://sync.aralego.com/idSync/,https://match.adsrvr.org/track/cmf/generic
376,https://s-cs.send.microad.jp/cs,https://dis.criteo.com/dis/rtb/microad/cookiematch.aspx
377,https://ad.360yield.com/match,https://ad.360yield.com/ul_cb/match
378,https://secure.adnxs.com/bounce,https://ib.adnxs.com/getuid
379,https://pixel.tapad.com/idsync/ex/receive/check,https://match.adsrvr.org/track/cmf/generic
380,https://ib.adnxs.com/bounce,https://ib.adnxs.com/getuid
381,https://cm.g.doubleclick.net/pixel,https://dis.criteo.com/dis/rtb/google/cookiematch.aspx
382,https://ib.adnxs.com/getuid,https://ib.adnxs.com/bounce
383,https://ssp.behave.com/push_sync,https://ssp.behave.com/ul_cb/push_sync
384,https://ib.adnxs.com/bounce,https://dis.criteo.com/dis/rtb/appnexus/cookiematch.aspx
385,https://ib.adnxs.com/getuid,https://ib.adnxs.com/bounce
386,https://match.adsrvr.org/track/cmf/generic,https://match.adsrvr.org/track/cmb/generic
387,https://ib.adnxs.com/bounce,https://dis.criteo.com/dis/rtb/appnexus/cookiematch.aspx
388,https://match.adsrvr.org/track/cmf/generic,https://match.adsrvr.org/track/cmb/generic
389,https://idsync.admixer.co.kr/idsync,https://cs.adingo.jp/sync/
390,https://analytics.ad.daum.net/match,https://act.ds.kakao.com/match2
391,https://gum.criteo.com/sid/json,https://ag.gbc.criteo.com/idsd
392,https://ag.gbc.criteo.com/idsd,https://gem.gbc.criteo.com/sid
393,https://eb2.3lift.com/sync,https://eb2.3lift.com/sync
394,https://ssum-sec.casalemedia.com/usermatch,https://ssum-sec.casalemedia.com/usermatch
395,https://ib.adnxs.com/async_usersync,https://ib.adnxs.com/bounce
396,https://secure-assets.rubiconproject.com/utils/xapi/multi-sync.html,https://eus.rubiconproject.com/usync.html
397,https://ssum-sec.casalemedia.com/usermatch,https://ssum-sec.casalemedia.com/usermatch
398,https://pixel.rubiconproject.com/exchange/sync.php,https://usr.undertone.com/userPixel/sync
399,https://image8.pubmatic.com/AdServer/ImgSync,https://image8.pubmatic.com/AdServer/ImgSync
400,https://pixel-sync.sitescout.com/dmp/pixelSync,https://pixel-sync.sitescout.com/dmp/pixelSync
401,https://match.adsrvr.org/track/cmf/generic,https://match.adsrvr.org/track/cmb/generic
402,https://match.adsrvr.org/track/cmf/generic,https://match.adsrvr.org/track/cmb/generic
403,https://us-u.openx.net/w/1.0/cm,https://us-u.openx.net/w/1.0/cm
404,https://u.openx.net/w/1.0/cm,https://u.openx.net/w/1.0/cm
405,https://ups.analytics.yahoo.com/ups/58545/occ,https://ups.analytics.yahoo.com/ups/58545/occ
406,https://pixel.advertising.com/ups/58293/sync,https://pixel.advertising.com/ups/58293/sync
407,https://u.openx.net/w/1.0/cm,https://ids.ad.gt/api/v1/openx
408,https://us-u.openx.net/w/1.0/cm,https://usr.undertone.com/userPixel/sync
409,https://pixel.rubiconproject.com/exchange/sync.php,https://usr.undertone.com/userPixel/sync
410,https://sb.scorecardresearch.com/c2/6036076/cs.js,https://sb.scorecardresearch.com/internal-c2/default/cs.js
411,https://recirculation.spot.im/spot/sp_fDLPJq6H,https://recirculation-cf.spot.im/empty.html
412,https://ids.ad.gt/api/v1/g_hosted,https://cm.g.doubleclick.net/pixel
413,https://sync.srv.stackadapt.com/sync,https://jadserve.postrelease.com/suid/1003
414,https://ap.lijit.com/readerinfo/v2,https://ap.lijit.com/readerinfo/v2
415,https://bh.contextweb.com/bh/rtset,https://ids.ad.gt/api/v1/ppnt_match
416,https://sync.mathtag.com/sync/img,https://ids.ad.gt/api/v1/mediamath_match
417,https://cm.g.doubleclick.net/pixel,https://cm.g.doubleclick.net/pixel
418,https://cm.g.doubleclick.net/pixel,https://cm.g.doubleclick.net/pixel
419,https://mobidetect.com/,https://www.mobidetect.com/
420,https://sync.go.sonobi.com/us,https://ids.ad.gt/api/v1/son_match
421,https://dpm.demdex.net/ibs:dpid=348447&dpuuid=AU1D-0100-001652901615-NM9ORFGP-D5K7&redir=https%3A%2F%2Fids.ad.gt%2Fapi%2Fv1%2Fadb_match%3Fadb%3D%24%7BDD_UUID%7D%26id%3DAU1D-0100-001652901615-NM9ORFGP-D5K7,https://dpm.demdex.net/demconf.jpg
422,https://photobook.com.my/,https://www.photobook.com.my/
423,https://sync.smartadserver.com/getuid,https://sync.smartadserver.com/getuid
424,https://image2.pubmatic.com/AdServer/UCookieSetPug,https://image2.pubmatic.com/AdServer/UCookieSetPug
425,https://secure.adnxs.com/getuid,https://secure.adnxs.com/bounce
426,https://match.prod.bidr.io/cookie-sync/audigent,https://match.prod.bidr.io/cookie-sync/audigent
427,https://ad.360yield.com/ux,https://ad.360yield.com/ul_cb/ux
428,https://sync.1rx.io/usersync/audigent/0,https://sync.1rx.io/usersync/audigent/0
429,https://c.amazon-adsystem.com/aax2/apstag.js,moz-extension://07e31ad7-56f5-4107-bf23-d27d6310a87d/shims/apstag.js
430,https://ib.adnxs.com/async_usersync,https://ib.adnxs.com/bounce
431,https://cm.g.doubleclick.net/pixel,https://ids.ad.gt/api/v1/g_match
432,https://cm.g.doubleclick.net/pixel,https://ids.ad.gt/api/v1/g_match
433,https://recirculation.spot.im/spot/sp_fDLPJq6H,https://recirculation-cf.spot.im/empty.html
434,https://sb.scorecardresearch.com/c2/6036076/cs.js,https://sb.scorecardresearch.com/internal-c2/default/cs.js
435,https://c.amazon-adsystem.com/aax2/apstag.js,moz-extension://07e31ad7-56f5-4107-bf23-d27d6310a87d/shims/apstag.js
436,https://match.prod.bidr.io/cookie-sync/audigent,https://ids.ad.gt/api/v1/beeswax_match
437,https://secure.adnxs.com/bounce,https://ids.ad.gt/api/v1/match
438,https://sync.1rx.io/usersync/audigent/0,https://ids.ad.gt/api/v1/unruly
439,https://ilsanghabo.com/product/detail.html,https://ilsanghabo.com/product/detail.html
440,https://ilsanghabo.com/dfloor/plugin/jquery/jquery-3.6.0.min.js,https://ilsanghabo.com/dfloor/plugin/jquery/jquery-3.6.0.min.js
441,https://ilsanghabo.com/dfloor/plugin/jquery/noConflict-1.0.0.js,https://ilsanghabo.com/dfloor/plugin/jquery/noConflict-1.0.0.js
442,https://ilsanghabo.com/dfloor/plugin/df-slider/swiper-5.4.5.min.js,https://ilsanghabo.com/dfloor/plugin/df-slider/swiper-5.4.5.min.js
443,https://ilsanghabo.com/dfloor/plugin/df-slider/df-slider-1.0.0.min.js,https://ilsanghabo.com/dfloor/plugin/df-slider/df-slider-1.0.0.min.js
444,https://fonts.googleapis.com/css2,https://fonts.googleapis.com/css2
445,https://ilsanghabo.com/app/Eclog/js/cid.generate.js,https://ilsanghabo.com/app/Eclog/js/cid.generate.js
446,https://wcs.naver.net/wcslog.js,https://wcs.naver.net/wcslog.js
447,https://ilsanghabo.com/ind-script/optimizer.php,https://ilsanghabo.com/ind-script/optimizer.php
448,https://www.googletagmanager.com/gtm.js,https://www.googletagmanager.com/gtm.js
449,https://www.google.com/pagead/conversion_async.js,https://www.google.com/pagead/conversion_async.js
450,https://googleads.g.doubleclick.net/pagead/viewthroughconversion/449912798/,https://googleads.g.doubleclick.net/pagead/viewthroughconversion/449912798/
451,https://img.echosting.cafe24.com/editors/froala/css/froala_style_ec.min.css,https://img.echosting.cafe24.com/editors/froala/css/froala_style_ec.min.css
452,https://ilsanghabo.com/ind-script/optimizer.php,https://ilsanghabo.com/ind-script/optimizer.php
453,https://ilsanghabo.com/ind-script/optimizer.php,https://ilsanghabo.com/ind-script/optimizer.php
454,https://ilsanghabo.com/web/product/big/202204/9b654d7410502a30388702211459650b.jpg,https://ilsanghabo.com/web/product/big/202204/9b654d7410502a30388702211459650b.jpg
455,https://ilsanghabo.com/web/product/small/202204/da1a30f5566b0bce574bd476430c64b7.jpg,https://ilsanghabo.com/web/product/small/202204/da1a30f5566b0bce574bd476430c64b7.jpg
456,https://img.echosting.cafe24.com/skin/base_ko_KR/product/txt_naver.gif,https://img.echosting.cafe24.com/skin/base_ko_KR/product/txt_naver.gif
457,https://img.echosting.cafe24.com/skin/base_ko_KR/product/btn_count_up.gif,https://img.echosting.cafe24.com/skin/base_ko_KR/product/btn_count_up.gif
458,https://img.echosting.cafe24.com/skin/base_ko_KR/product/btn_count_down.gif,https://img.echosting.cafe24.com/skin/base_ko_KR/product/btn_count_down.gif
459,http://ilsanghabo.cafe24.com/ilsanghabo/membership/ilsanghabo_membership_banner.jpg,http://ilsanghabo.cafe24.com/ilsanghabo/membership/ilsanghabo_membership_banner.jpg
460,https://ilsanghabo.com/web/upload/NNEditor/20220421/1bff648248afece29494f933e02e8c6f.jpg,https://ilsanghabo.com/web/upload/NNEditor/20220421/1bff648248afece29494f933e02e8c6f.jpg
461,https://ilsanghabo.com/web/upload/NNEditor/20220421/d30203c6f0e57412e5632c5340778430.jpg,https://ilsanghabo.com/web/upload/NNEditor/20220421/d30203c6f0e57412e5632c5340778430.jpg
462,https://ilsanghabo.com/web/upload/NNEditor/20220421/f71daa6add088878f4ee8895a8bf4e4b.jpg,https://ilsanghabo.com/web/upload/NNEditor/20220421/f71daa6add088878f4ee8895a8bf4e4b.jpg
463,https://ilsanghabo.com/web/upload/NNEditor/20220421/41ca2a0294451d1eacd513fe168d6530.jpg,https://ilsanghabo.com/web/upload/NNEditor/20220421/41ca2a0294451d1eacd513fe168d6530.jpg
464,https://ilsanghabo.com/web/upload/NNEditor/20220421/ef6fa168fd5bbe00fc3c725063f7b310.jpg,https://ilsanghabo.com/web/upload/NNEditor/20220421/ef6fa168fd5bbe00fc3c725063f7b310.jpg
465,https://ilsanghabo.com/web/upload/NNEditor/20220421/a17f95f33622e062e81ccfcf293a42cf.jpg,https://ilsanghabo.com/web/upload/NNEditor/20220421/a17f95f33622e062e81ccfcf293a42cf.jpg
466,https://ilsanghabo.com/web/upload/NNEditor/20220421/c0dd6433eda3710d0facd95167b9dc59.jpg,https://ilsanghabo.com/web/upload/NNEditor/20220421/c0dd6433eda3710d0facd95167b9dc59.jpg
467,https://ilsanghabo.com/web/upload/NNEditor/20220421/5e4f4dc3bdd57203af77bb25828399a7.jpg,https://ilsanghabo.com/web/upload/NNEditor/20220421/5e4f4dc3bdd57203af77bb25828399a7.jpg
468,https://ilsanghabo.com/web/upload/NNEditor/20220421/5e4335bf2b8d97674dc98a01304ce76f.jpg,https://ilsanghabo.com/web/upload/NNEditor/20220421/5e4335bf2b8d97674dc98a01304ce76f.jpg
469,https://ilsanghabo.com/web/upload/NNEditor/20220421/a9d296057d0f9a2a6b790f42fa511e0a.jpg,https://ilsanghabo.com/web/upload/NNEditor/20220421/a9d296057d0f9a2a6b790f42fa511e0a.jpg
470,https://ilsanghabo.com/web/upload/NNEditor/20220421/a8e0cf7fa97f46c65ba51b3ac535801a.jpg,https://ilsanghabo.com/web/upload/NNEditor/20220421/a8e0cf7fa97f46c65ba51b3ac535801a.jpg
471,https://ilsanghabo.com/web/upload/NNEditor/20220421/c4733bf71b3ee1072628f26068b7c972.jpg,https://ilsanghabo.com/web/upload/NNEditor/20220421/c4733bf71b3ee1072628f26068b7c972.jpg
472,https://ilsanghabo.com/web/upload/NNEditor/20220421/c91a7ff4c47ea1ec4de58a3b5129becc.jpg,https://ilsanghabo.com/web/upload/NNEditor/20220421/c91a7ff4c47ea1ec4de58a3b5129becc.jpg
473,https://ilsanghabo.com/web/upload/NNEditor/20220421/610041b439cd5b2b2dd91a963162bd02.jpg,https://ilsanghabo.com/web/upload/NNEditor/20220421/610041b439cd5b2b2dd91a963162bd02.jpg
474,https://img.cafe24.com/csdstatic/edibotFit/img/icon/img_washing_drycleaning.png,https://img.cafe24.com/csdstatic/edibotFit/img/icon/img_washing_drycleaning.png
475,https://img.cafe24.com/csdstatic/edibotFit/img/icon/img_washing_handwash.png,https://img.cafe24.com/csdstatic/edibotFit/img/icon/img_washing_handwash.png
476,https://img.echosting.cafe24.com/skin/base_ko_KR/product/ico_under19.gif,https://img.echosting.cafe24.com/skin/base_ko_KR/product/ico_under19.gif
477,https://img.echosting.cafe24.com/skin/base_ko_KR/product/btn_adult_certification.gif,https://img.echosting.cafe24.com/skin/base_ko_KR/product/btn_adult_certification.gif
478,https://ilsanghabo.com/web/upload/dfloor_base/sample/pc_icon/board_secret.png,https://ilsanghabo.com/web/upload/dfloor_base/sample/pc_icon/board_secret.png
479,https://img.echosting.cafe24.com/skin/base/common/btn_page_first2.gif,https://img.echosting.cafe24.com/skin/base/common/btn_page_first2.gif
480,https://img.echosting.cafe24.com/skin/base/common/btn_page_prev2.gif,https://img.echosting.cafe24.com/skin/base/common/btn_page_prev2.gif
481,https://img.echosting.cafe24.com/skin/base/common/btn_page_next2.gif,https://img.echosting.cafe24.com/skin/base/common/btn_page_next2.gif
482,https://img.echosting.cafe24.com/skin/base/common/btn_page_last2.gif,https://img.echosting.cafe24.com/skin/base/common/btn_page_last2.gif
483,https://img.echosting.cafe24.com/skin/base_ko_KR/layout/txt_progress.gif,https://img.echosting.cafe24.com/skin/base_ko_KR/layout/txt_progress.gif
484,https://img.echosting.cafe24.com/skin/base/layout/img_loading.gif,https://img.echosting.cafe24.com/skin/base/layout/img_loading.gif
485,https://login2.cafe24ssl.com/crypt/AuthSSLManager.js,https://login2.cafe24ssl.com/crypt/AuthSSLManager.js
486,https://login2.cafe24ssl.com/crypt/AuthSSLManager.plugin.js,https://login2.cafe24ssl.com/crypt/AuthSSLManager.plugin.js
487,https://dynamic.criteo.com/js/ld/ld.js,https://dynamic.criteo.com/js/ld/ld.js
488,https://checkout.naver.com/customer/js/checkoutButton.js,https://checkout.naver.com/customer/js/checkoutButton.js
489,https://developers.kakao.com/sdk/js/kakao.min.js,https://developers.kakao.com/sdk/js/kakao.min.js
490,https://ilsanghabo.com/ind-script/i18n.php,https://ilsanghabo.com/ind-script/i18n.php
491,https://ilsanghabo.com/ind-script/optimizer.php,https://ilsanghabo.com/ind-script/optimizer.php
492,https://ilsanghabo.com/ind-script/optimizer.php,https://ilsanghabo.com/ind-script/optimizer.php
493,https://www.google.com/pagead/1p-user-list/449912798/,https://www.google.com/pagead/1p-user-list/449912798/
494,https://checkout.naver.com/customer/js/checkoutButton.js,https://checkout.naver.com/js/checkoutButton.js
495,https://img.echosting.cafe24.com/skin/mobile_ko_KR/member/ico_toggle_arrow_down.png,https://img.echosting.cafe24.com/skin/mobile_ko_KR/member/ico_toggle_arrow_down.png
496,https://ilsanghabo.com/web/upload/dfloor_base/web/img/escrow_inicis.png,https://ilsanghabo.com/web/upload/dfloor_base/web/img/escrow_inicis.png
497,https://ilsanghabo.com/web/upload/dfloor_base/web/img/support_privacy.png,https://ilsanghabo.com/web/upload/dfloor_base/web/img/support_privacy.png
498,https://ilsanghabo.com/web/upload/dfloor_base/web/img/support_ftc.png,https://ilsanghabo.com/web/upload/dfloor_base/web/img/support_ftc.png
499,https://ilsanghabo.com/web/upload/dfloor_base/web/img/support_ssl.png,https://ilsanghabo.com/web/upload/dfloor_base/web/img/support_ssl.png
